program_name,total_clients,exited_clients,exits_to_perm_housing,median_days_in_program,missing_exit_interviews,perm_housing_rate,missing_exit_interview_rate
CEA,240,222,77,123.5,8,0.34684684684684686,0.036036036036036036
HHCM,291,266,106,141.0,19,0.39849624060150374,0.07142857142857142
OTHER_COC,1606,1491,581,123.0,69,0.38967136150234744,0.04627766599597585
SHI,358,282,91,232.0,21,0.32269503546099293,0.07446808510638298
